title,0
Bishop Fan Club,17
Guerilla Tactics,16
Cheerleaders,15
Spread Out,15
Sibling Rivalry,14
Far Sighted,14
Blinded by the Sun,14
"Always Check, It Might Be Mate",13
Even Keeled,13
Stop Stalling,13
Truant,13
Oddball,12
Unrequited Love,12
Stir Crazy,12
Moving Day,11
Torpedos,11
Chivalry,11
Gambler,11
Modest,10
Lethal Attraction,10
Drag,10
Bipartisanship,10
Pawn Battle,10
Savior Complex,10
Scouting Ahead,10
Theocracy,10
Turn the Other Cheek,10
Haunted,9
Comfort Zone,9
Vegan,9
Whites of Their Eyes,9
Torchlight,8
Religious Dispute,8
True Gentleman,8
Lame Duck,8
King of the Hill,8
Nurturer,8
Spice of Life,8
Thunderdome,8
Bridge Over Troubled Water,7
Hold them Back,7
Irresistible,7
Secret Garden,7
Triple Play,7
Now Kiss,7
Homeland Security,7
Eye of Sauron,7
Peons First,7
Reconnaissance,7
Rook on the Seventh,7
Botez Gambit,7
Boastful,7
Bloodthirsty,6
Elephants Fear Mice,6
Eye for an Eye,6
Forward March,6
Conscientious Objectors,6
Control Center,6
Winds of Fate,6
Shellshocked,6
Fischer Random,6
Tower Defense,5
My Kingdom for a Horse,5
Glorious Battle,5
Medusa,5
Barbarian Rage,5
Abstinence,5
Centralized Command,5
Social Distancing,5
Indecisive,5
Leveling Up,5
Cowering in Fear,5
Paranoid,4
Pacman,4
Velociraptor,4
Superstitious,4
Respectful,4
Royal Berth,4
Rook Fan Club,4
Absolution,4
Body Snatcher,4
Trophy Wife,4
Prince Charming,4
Hipster,4
Inside the Lines,4
Crusade,4
Eat Your Vegetables,4
Noblesse Oblige,3
Octomom,3
Ladies First,3
Ivory Tower,3
Doctor Octopus,3
Diplomatic Immunity,3
Checkers,3
Active Volcano,3
Warlord,3
Quicksand,3
Shapeshifter,3
Simon Says,3
Monkey See,3
You Best Not Miss,3
Windup Toys,3
Unspooling,3
Pack Mentality,3
Femme Fatale,3
Gloomstalker,3
Champing at the Bit,2
Atomic Bomb,2
Battle Fatigue,2
Castle Doctrine,2
Bongcloud,2
Remorseful,2
Hedonic Treadmill,2
Evil Twin,2
False Prophets,2
Scorched Earth,2
Outflanked,2
Messy Divorce,2
Left for Dead,2
Professional Courtesy,2
The Scent of Blood,2
True Love,2
Simp,2
Separation of Church and State,2
Rising Water,2
Power Cells,2
Prima Donna,2
Cess,1
Escort Mission,1
Edgelord,1
Crenellations,1
Covering Fire,1
Eisoptrophobia,1
Expedition,1
Flatterer,1
Ooh Shiny,1
Horse Tranquilizer,1
Just Passing Through,1
Leading the Charge,1
Horse Eats First,1
Closed Book,1
Quit Horsing Around,1
Queen Disguise,1
Siege,1
Shadow Queen,1
Punching Down,1
Stay at Home Mom,1
Sleepy King,1
Snipers,1
Stand Your Ground,1
Untitled Duck Drawback,1
